doc_id,file_path,title,source_url,retrieved_at,document_version,license_or_permission
academic-exam-reevaluation,data/university/academic-exam-reevaluation.md,Quy định phúc tra điểm thi kết thúc học phần,https://ctt.hust.edu.vn,2026-09-19,5445/QD-DHBK,public-source
academic-scholarship-policy,data/university/academic-scholarship-policy.md,Quy định xét cấp học bổng khuyến khích học tập,https://ctsv.hust.edu.vn,2026-09-19,not-stated,public-source
course-registration,data/university/course-registration.md,Quy chế đào tạo: Đăng ký tín chỉ và cảnh báo học tập,https://ctt.hust.edu.vn,2026-09-19,5445/QD-DHBK,public-source
dormitory-regulations,data/university/dormitory-regulations.md,Quy định tiếp nhận nội trú và nội quy Ký túc xá Bách Khoa,https://ktx.hust.edu.vn,2026-09-19,not-stated,public-source
library-faculty-research,data/university/library-faculty-research.md,Chính sách khai thác CSDL điện tử và mượn tài liệu cho Giảng viên,https://library.hust.edu.vn,2026-09-19,not-stated,public-source
library-services,data/university/library-services.md,Nội quy chung Thư viện Tạ Quang Bửu và sử dụng thẻ bạn đọc,https://library.hust.edu.vn,2026-09-19,not-stated,public-source
library-staff-service,data/university/library-staff-service.md,Quy định cấp thẻ và phục vụ tài liệu cho Cán bộ Viên chức,https://library.hust.edu.vn,2026-09-19,not-stated,public-source
library-student-circulation,data/university/library-student-circulation.md,Quy định mượn trả tài liệu cho sinh viên tại Thư viện Tạ Quang Bửu,https://library.hust.edu.vn,2026-09-19,not-stated,public-source

